<?xml version="1.0" encoding="UTF-8"?>
<datasources>
    <local-tx-datasource maskAttributeValues="false">
        <description>ProvisionerDS (sa)</description>
        <name>ProvisionerDS (sa)</name>
        <jndi-name>ProvisionerDS</jndi-name>
        <connection-url>jdbc:hsqldb:${pf.server.data.dir}${/}hypersonic${/}ProvisionerDefaultDB;hsqldb.lock_file=false</connection-url>
        <driver-class>org.hsqldb.jdbcDriver</driver-class>
        <user-name>sa</user-name>
        <password>eyJhbGciOiJkaXIiLCJlbmMiOiJBMTI4Q0JDLUhTMjU2Iiwia2lkIjoidUxCZG9UaDZKWCIsInZlcnNpb24iOiI5LjIuMS4xIn0..23yessZ8thWzHym6IC3ZwA.dBVh5adB_X6QBlNmHdpLIw.61AEwMpx9rV5CpcH8bEv1A</password>
        <ping-db-type>Custom</ping-db-type>
        <allow-multi-value-attributes>false</allow-multi-value-attributes>
    </local-tx-datasource>
</datasources>